56,Ac Dexametasona Creme Dermatológico 1mg 10g
57,Ac Fólico Meti + Dha 850mg
58,Shampoo Ac Solutions Manteiga Karité
59,"Triancinolona Acetonida 1mg/g + Sulfato Neomicina 2,5mg/g + Gramicidina 0,25mg/g + Nistatina 100.000UI/g Creme Uso Dermatológico"
60,"Triancinolona Acetonida 1mg/g + Sulfato Neomicina 2,5mg/g + Gramicidina 0,25mg/g + Nistatina 100.000UI/g Pomada Uso Dermatológico"
61,Ácido Tranexâmico 50mg/ml Solução Uso Intravenoso
62,Ácido Zoledrônico 4mg Pó para Solução de Uso Intravenoso Frasco-Ampola 5ml
63,"Ácido Zoledrônico 0,8mg/ml Solução Uso Intravenoso"
64,Sabonete Barra Ac-Alpha Ametista Coco
65,Açafrão 500mg
66,Açafrão Curcuma 500mg
67,Açafrão Extra Forte 500mg
68,Pó Açaí Puro Nutrata
69,Pó Whey Suplemento Proteico Açaí Atletas Sabor Açaí Banana Sachê
70,Acalmil
71,Acanthopanax 400mg
72,Accelera Block
73,Accelera Thermo
74,Kit Accordes Mães 2021 1 Colônia 80ml + 1 Creme Corporal 200ml + 1 Desodorante 75g
75,Kit Roche Accu-Chek Active Pague 2 Leve
76,Bateria Pacote Serviço Accu-Chek Bateria Spirit
77,Lancetador Fastclix Accu-Chek
78,Kit Accu-Chek Guide Monitor 1 Unidade +
79,Kit Accu-Chek Multiclix com 1 Lancetador + 12 Lancetas
80,Lancetas Accu-Chek Multicli Teste Glicose
81,Kit Roche Accu-Chek Perfoma com 1 Monitor + 1 Lancetador + 10 Tiras Testes + 10 Lancetas
82,Tiras Medidoras Glicose Accu-Chek Performa leve 3 pague
83,Monitor Performa Accu-Chek
84,Lancetador Accu-Chek Soft Pro
85,Kit Accu-Chek Sp Combo com 1 Lancetador + 2 Tambores com 6 Lancetas + 1 Pacote Serviço Energia + 1 Capa
86,Accu-Chek Spirit Infusor de Insulina Neoprene Pouch Black
87,Accumed Esfigmomanômetro Bracadeira Grande Algodão Fecho Velcro
88,Accupril 10mg
89,Accupril 20mg
90,Aparelho Rastreamento Risco Cardiovascular Accutrend Plus
91,Accutrend Tiras Bm Lactato
92,Accutrend Tiras Colesterol
93,Accutrend Tiras Triglicerides
94,Flaconetes Acelera
95,Flaconetes Acelera Sabor Guaraná Catuaba
96,Acemedrox 10mg
97,Acerola 400mg
98,Acerola Maca Perua 500mg
99,Acerola Vitamina C 500mg
100,"Acertalix 10+2,5mg"
101,Acesyl 100mg/ml Solução Injetável
102,Acetato de Atosibana Frasco Intravenoso 7.5mg 5ml
103,Acetato de Hidrocortisona Creme 10mg 20g
104,"Acetato Zinco 0,5Meq/ml 0,5Meq/ml 54mg/ml Solução Injetável Endovenosa"
105,Acetazona Creme 0.1%
106,Acetazona Elixir 0.1mg 120ml
